<?xml version="1.0"?>
<!-- <!DOCTYPE log4j:configuration SYSTEM "log4j.dtd"> -->
<!-- <!DOCTYPE log4j:configuration PUBLIC "-//APACHE//DTD LOG4J 1.2//EN" "log4j.dtd"> -->
<!DOCTYPE log4j:configuration PUBLIC
  "-//APACHE//DTD LOG4J 1.2//EN" "http://logging.apache.org/log4j/1.2/apidocs/org/apache/log4j/xml/doc-files/log4j.dtd">
<log4j:configuration xmlns:log4j="http://jakarta.apache.org/log4j/">
  <appender name="CONSOLE" class="org.apache.log4j.ConsoleAppender">
    <param name="Threshold" value="INFO" />
    <layout class="org.apache.log4j.EnhancedPatternLayout">
      <param name="ConversionPattern"
        value="%d{HH:mm:ss.SSS} %-5p [%t] %m%n" />
    </layout>
  </appender>
  <appender name="FILE" class="org.apache.log4j.rolling.RollingFileAppender">
    <param name="Threshold" value="DEBUG" />
    <rollingPolicy class="org.apache.log4j.rolling.TimeBasedRollingPolicy">
      <param name="FileNamePattern"
        value="/bgp-modules-script.%d{yyyy-MM-dd}.log" />
    </rollingPolicy>
    <layout class="org.apache.log4j.EnhancedPatternLayout">
      <param name="ConversionPattern"
        value="%d{HH:mm:ss.SSS} %-5p [%t][%c{1}:%L] - %m%n" />
    </layout>
  </appender>
  <logger name="com.bgp.norte.scripts.java" additivity="false">
    <level value="DEBUG" />
    <appender-ref ref="CONSOLE" />
    <appender-ref ref="FILE" />
  </logger>
</log4j:configuration>